title,price,date
Aaramkhor Coding Round Neck Half Sleeve T-Shirt for Men | Recursion | Nerd | Engineering,499.00,2022-06-08
Aaramkhor Coding Round Neck Half Sleeve T-Shirt for Men | Recursion | Nerd | Engineering,499.00,2022-06-08
Aaramkhor Coding Round Neck Half Sleeve T-Shirt for Men | Recursion | Nerd | Engineering,499.00,2022-06-08
Aaramkhor Coding Round Neck Half Sleeve T-Shirt for Men | Recursion | Nerd | Engineering,499.00,2022-06-08
Aaramkhor Coding Round Neck Half Sleeve T-Shirt for Men | Recursion | Nerd | Engineering,499.00,2022-06-08
Aaramkhor Coding Round Neck Half Sleeve T-Shirt for Men | Recursion | Nerd | Engineering,499.00,2022-06-08
Aaramkhor Coding Round Neck Half Sleeve T-Shirt for Men | Recursion | Nerd | Engineering,499.00,2022-06-08
Aaramkhor Coding Round Neck Half Sleeve T-Shirt for Men | Recursion | Nerd | Engineering,499.00,2022-06-08
Aaramkhor Coding Round Neck Half Sleeve T-Shirt for Men | Recursion | Nerd | Engineering,499.00,2022-06-08
